previous_build_result,previous_build_duration,recent_failures,files_changed,lines_added,lines_deleted,historical_failure_ratio,build_failed
0,120,0,3,45,10,0.05,0
0,135,0,5,70,20,0.08,0
1,180,2,8,120,35,0.25,1
0,110,0,2,20,5,0.03,0
1,210,3,12,250,80,0.35,1
0,150,1,6,90,30,0.12,0
1,195,2,10,180,60,0.30,1
0,125,0,4,50,15,0.06,0
1,220,4,15,300,100,0.40,1
0,140,1,7,100,25,0.15,0
1,175,2,9,160,50,0.28,1
0,115,0,3,35,8,0.04,0
1,205,3,11,220,75,0.33,1
0,130,0,4,55,12,0.07,0
1,190,2,10,200,65,0.27,1
0,145,1,5,80,20,0.10,0
